Source,Setting,Model,Dataset,Status,Rank,Normalized Score,Normalized Score Source,Best Val Score,Best Val Epoch,Best Val Degree,Best Val Clustering,Best Val Orbit,Best Val Spectral,Best Val Diameter,Best Val MMD RBF,Best Val Precision,Best Val Recall,Best Val F1-PR,alpha_node_feat,alpha_edge_feat,alpha_motif_loss,alpha_syntactic_literal_motif_loss,alpha_kernel_cost,alpha_adj_recon,rule_mode,motif_temperature_start,motif_temperature_end,motif_temperature_guard_ratio,motif_temperature_guard_relax_factor,motif_temperature_guard_sharpen_factor,Degree,Clustering,Orbit,Spectral,Diameter,MMD RBF,MMD RBF Std,MMD Linear,MMD Linear Std,MMD Linear Median,MMD Linear Trimmed Mean,MMD Linear Min,MMD Linear Max,MMD Linear Mean/Median,Precision,Precision Std,Recall,Recall Std,F1-PR,F1-PR Std,Local MMD RBF,Local MMD RBF Std,Local Precision,Local Precision Std,Local Recall,Local Recall Std,Local F1-PR,Local F1-PR Std,Triangles,Sparsity,Avg Edges Test,Avg Edges Generated,Num Generated Graphs,Num Reference Graphs,Repeats,Run Dir,Config,Notes
lobster_docx_20260708,01,GraphVAE,LOBSTER,evaluated,13,1.50890316374,docx_table2_plus_docx_table3,,,,,,,,,,,,,,,,,,,,,,,,0.05,0.6085,0.1823,0.0392,0.3609,0.2018,,51.8075,,,,,,,0.76,,0.965,,0.844205,,,,,,,,,,,,,,,,,,reports/lobster.docx,DOCX F1 PR cell `844205` interpreted as 0.844205
lobster_docx_20260708,02,GraphVAE-MM,LOBSTER,evaluated,1,0.305408602812,docx_table2_plus_docx_table3,,,,,,,,,,,,,,,,,,,,,,,,0.0014,0,0.014,0.0119,0.099,0.1103,,17.3809,,,,,,,1,,1,,1,,,,,,,,,,,,,,,,,,reports/lobster.docx,
lobster_docx_20260708,03,GraphVAE motif original,LOBSTER,evaluated,6,1.11338138353,docx_table2_plus_docx_table3,,,,,,,,,,,,,,,,,,,,,,,,0.0286,0.1782,0.0493,0.0447,0.2221,0.2897,,85.9737,,,,,,,0.85,,1,,0.9175,,,,,,,,,,,,,,,,,,reports/lobster.docx,
lobster_docx_20260708,04,GraphVAE motif literals,LOBSTER,evaluated,24,3.11366883035,docx_table2_plus_docx_table3,,,,,,,,,,,,,,,,,,,,,,,,0.0328,0.0267,0.1133,0.0909,0.6215,0.7667,,127.1183,,,,,,,0.99,,0.49,,0.6529,,,,,,,,,,,,,,,,,,reports/lobster.docx,
lobster_docx_20260708,05,GraphVAE motif both,LOBSTER,evaluated,8,1.25326479718,docx_table2_plus_docx_table3,,,,,,,,,,,,,,,,,,,,,,,,0.0344,0.0991,0.0519,0.0578,0.2725,0.4238,,83.5399,,,,,,,0.935,,1,,0.9654,,,,,,,,,,,,,,,,,,reports/lobster.docx,
lobster_docx_20260708,06,GraphVAE motif original temp,LOBSTER,evaluated,3,0.465120983015,docx_table2_plus_docx_table3,,,,,,,,,,,,,,,,,,,,,,,,0.0296,0.0381,0.0268,0.0331,0.0228,0.1999,,13.1825,,,,,,,1,,1,,1,,,,,,,,,,,,45.4,28.7,,,,,reports/lobster.docx,Source metrics CSV says this was a post-hoc eval on a saved best-validation generated graph sample; the source run crashed before normal finalization.
lobster_docx_20260708,07,GraphVAE motif literals temp,LOBSTER,evaluated,25,3.48215201485,docx_table2_plus_docx_table3,,,,,,,,,,,,,,,,,,,,,,,,0.0222,0.021,0.1594,0.079,0.4847,0.8476,,131.8151,,,,,,,1,,0.2,,0.3333,,,,,,,,,,,,,,,,,,reports/lobster.docx,
lobster_docx_20260708,08,GraphVAE motif both temp,LOBSTER,evaluated,12,1.42132603734,docx_table2_plus_docx_table3,,,,,,,,,,,,,,,,,,,,,,,,0.0306,0.0427,0.0806,0.0729,0.2819,0.48,,66.2002,,,,,,,0.905,,1,,0.9495,,,,,,,,,,,,,,,,,,reports/lobster.docx,
lobster_docx_20260708,09,GraphVAE-MM motif original,LOBSTER,evaluated,2,0.396766088442,docx_table2_plus_docx_table3,,,,,,,,,,,,,,,,,,,,,,,,0.0032,0,0.0078,0.0181,0.1287,0.1396,,18.4406,,,,,,,1,,1,,1,,,,,,,,,,,,,,,,,,reports/lobster.docx,
lobster_docx_20260708,10,GraphVAE-MM motif literals,LOBSTER,evaluated,4,0.843228083381,docx_table2_plus_docx_table3,,,,,,,,,,,,,,,,,,,,,,,,0.0045,0,0.0211,0.0337,0.2889,0.2745,,43.9827,,,,,,,1,,0.98,,0.9898,,,,,,,,,,,,,,,,,,reports/lobster.docx,
lobster_docx_20260708,11,GraphVAE-MM motif both,LOBSTER,evaluated,7,1.14569098974,docx_table2_plus_docx_table3,,,,,,,,,,,,,,,,,,,,,,,,0.0041,0,0.0578,0.0383,0.3559,0.4371,,70.3934,,,,,,,1,,1,,1,,,,,,,,,,,,,,,,,,reports/lobster.docx,
loss_weight_sweep_docx_20260708,coarse_01,GraphVAE+Motif both no-temp,LOBSTER,evaluated,5,1.01288801778,docx_table2_plus_docx_table3,,,,,,,,,,,,0.1,0.1,0.01,0.01,,,both,,,,,,0.0381,0.3933,0.0405,0.0415,0.231,0.2197,,43.382,,,,,,,0.895,,0.99,,0.9375,,,,,,,,,,,,61,46.9,,,,,reports/lobster_loss_weight_sweep_results_20260708.docx,
loss_weight_sweep_docx_20260708,coarse_02,GraphVAE+Motif both no-temp,LOBSTER,evaluated,9,1.28664788869,docx_table2_plus_docx_table3,,,,,,,,,,,,0.1,0.1,0.03,0.03,,,both,,,,,,0.0273,0.0897,0.0217,0.0485,0.3809,0.4353,,72.0375,,,,,,,0.97,,1,,0.9841,,,,,,,,,,,,61,31,,,,,reports/lobster_loss_weight_sweep_results_20260708.docx,
loss_weight_sweep_docx_20260708,coarse_03,GraphVAE+Motif both no-temp,LOBSTER,evaluated,14,1.6339844295,docx_table2_plus_docx_table3,,,,,,,,,,,,0.1,0.1,0.1,0.1,,,both,,,,,,0.0554,0.7579,0.163,0.0599,0.3485,0.1899,,11344.8344,,,,,,,0.715,,0.98,,0.819,,,,,,,,,,,,61,75.5,,,,,reports/lobster_loss_weight_sweep_results_20260708.docx,
loss_weight_sweep_docx_20260708,coarse_04,GraphVAE+Motif both no-temp,LOBSTER,evaluated,21,2.63573772178,docx_table2_plus_docx_table3,,,,,,,,,,,,0.1,0.1,0.3,0.3,,,both,,,,,,0.0645,1.0159,0.5919,0.064,0.4314,0.0201,,5036000000,,,,,,,0.21,,0.475,,0.2513,,,,,,,,,,,,61,532,,,,,reports/lobster_loss_weight_sweep_results_20260708.docx,
loss_weight_sweep_docx_20260708,coarse_05,GraphVAE+Motif both no-temp,LOBSTER,evaluated,23,2.99280538115,docx_table2_plus_docx_table3,,,,,,,,,,,,0.1,0.1,1,1,,,both,,,,,,0.1228,1.0476,0.7224,0.1201,0.3579,0.1155,,29000000000,,,,,,,0.13,,0.99,,0.2169,,,,,,,,,,,,61,1225,,,,,reports/lobster_loss_weight_sweep_results_20260708.docx,
loss_weight_sweep_docx_20260708,coarse_06,GraphVAE+Motif both no-temp,LOBSTER,evaluated,10,1.28982685233,docx_table2_plus_docx_table3,,,,,,,,,,,,1,1,0.01,0.01,,,both,,,,,,0.0296,0.0836,0.0191,0.0446,0.2618,0.4717,,55.3462,,,,,,,0.91,,1,,0.9522,,,,,,,,,,,,61,32.1,,,,,reports/lobster_loss_weight_sweep_results_20260708.docx,
loss_weight_sweep_docx_20260708,coarse_07,GraphVAE+Motif both no-temp,LOBSTER,evaluated,17,1.87794360708,docx_table2_plus_docx_table3,,,,,,,,,,,,1,1,0.03,0.03,,,both,,,,,,0.0748,0.3445,0.1941,0.1034,0.2452,0.0803,,20910000000,,,,,,,0.5,,1,,0.6658,,,,,,,,,,,,61,1028.3,,,,,reports/lobster_loss_weight_sweep_results_20260708.docx,
loss_weight_sweep_docx_20260708,coarse_08,GraphVAE+Motif both no-temp,LOBSTER,evaluated,11,1.40231063823,docx_table2_plus_docx_table3,,,,,,,,,,,,1,1,0.1,0.1,,,both,,,,,,0.0516,0.3485,0.0874,0.0802,0.4593,0.045,,13140000000,,,,,,,0.74,,1,,0.8485,,,,,,,,,,,,61,745.6,,,,,reports/lobster_loss_weight_sweep_results_20260708.docx,
loss_weight_sweep_docx_20260708,coarse_09,GraphVAE+Motif both no-temp,LOBSTER,evaluated,18,1.91187058526,docx_table2_plus_docx_table3,,,,,,,,,,,,1,1,0.3,0.3,,,both,,,,,,0.0752,0.6291,0.1438,0.1115,0.5846,0.08,,23670000000,,,,,,,0.675,,1,,0.8053,,,,,,,,,,,,61,978.7,,,,,reports/lobster_loss_weight_sweep_results_20260708.docx,
loss_weight_sweep_docx_20260708,coarse_10,GraphVAE+Motif both no-temp,LOBSTER,evaluated,28,4.47927476669,docx_table2_plus_docx_table3,,,,,,,,,,,,1,1,1,1,,,both,,,,,,0.262,1.1973,0.8543,0.227,0.6018,0.5485,,155500000000,,,,,,,0.035,,1,,0.0641,,,,,,,,,,,,61,2584.2,,,,,reports/lobster_loss_weight_sweep_results_20260708.docx,
guard_sweep_20260708,n0p3_m0p03,GraphVAE+Motif original temp guard,LOBSTER,evaluated,19,1.9786357894,test_table2_plus_third_party_table3,0.61951333332,2999,0.0209656304399,0.147090132424,0.0329257738458,0.0455397703499,0.12596649252,0.200051420042,1,1,1.00001,0.3,0.3,0.03,0.03,1.0,0.0,original,1.0,0.5,2.0,1.05,0.995,0.0344210401012,0.139730049332,0.0890649641977,0.0559222139346,0.615206457204,0.583551970124,0.0311134950033,85.155018425,119.902408511,44.4451408386,48.6891264915,19.7603778839,442.276794434,1.91595789367,0.87,0.0244948974278,1,0,0.930308770297,0.013937334097,0.512168702483,0.166163941299,0.865,0.0229128784748,1,0,0.927463823888,0.013037182269,1.58339836469e-05,6.52649990718e-07,61.05,36.5,20,20,10,collected_runs/20260708/lobster_graphvae_original_temp_guard_sweep/lobster_graphvae_original_temp_guard_n0p3_m0p03__cs-cl-09_gpu0,configs/loss_weight_sweeps/lobster_graphvae_motif_original_temp_guard/lobster_graphvae_original_temp_guard_n0p3_m0p03.yaml,
guard_sweep_20260708,n0p3_m0p1,GraphVAE+Motif original temp guard,LOBSTER,evaluated,16,1.75113125977,test_table2_plus_third_party_table3,0.660721473065,3999,0.0340003567,0.443989851755,0.0274753055024,0.045618902429,0.0721726992169,0.215653475146,1,1,1.00001,0.3,0.3,0.1,0.1,1.0,0.0,original,1.0,0.5,2.0,1.05,0.995,0.0459889752537,0.800623906049,0.109405270226,0.0560231351767,0.627932632467,0.0152356505394,0.000175829365644,2787263994.4,7195137477.46,210783368,428654003,100206128,24343201792,13.2233582794,0.68,0.186010752377,0.98,0.0244948974278,0.785389959568,0.140042358094,0.0151042222977,9.12236686309e-05,0.79,0.08,0.95,0.04472135955,0.85984922291,0.049993224481,0.015071743153,1.69388677951e-06,61.05,438.65,20,20,10,collected_runs/20260708/lobster_graphvae_original_temp_guard_sweep/lobster_graphvae_original_temp_guard_n0p3_m0p1__cs-cl-09_gpu1,configs/loss_weight_sweeps/lobster_graphvae_motif_original_temp_guard/lobster_graphvae_original_temp_guard_n0p3_m0p1.yaml,
guard_sweep_20260708,n0p3_m0p3,GraphVAE+Motif original temp guard,LOBSTER,evaluated,22,2.6844470871,test_table2_plus_third_party_table3,0.971595202923,5999,0.0807218752349,1.0086661312,0.256741489373,0.0888729647221,0.0702612181028,0.0200782775879,0.87,1,0.929146632555,0.3,0.3,0.3,0.3,1.0,0.0,original,1.0,0.5,2.0,1.05,0.995,0.091614089112,1.02063510903,0.495531674594,0.0852101503182,0.396326905719,0.0353002667427,0.000910742135183,6480134963.2,16812816268,473797744,965566564,221953248,56854863872,13.677006793,0.33,0.217025344142,0.815,0.109658560997,0.426240375477,0.238710504097,0.0349611878395,8.93577599217e-06,0.41,0.195959179423,0.855,0.101118742081,0.526369086439,0.186143817088,0.035234291491,1.81238102526e-06,61.05,634.5,20,20,10,collected_runs/20260708/lobster_graphvae_original_temp_guard_sweep/lobster_graphvae_original_temp_guard_n0p3_m0p3__cs-cl-16_gpu0,configs/loss_weight_sweeps/lobster_graphvae_motif_original_temp_guard/lobster_graphvae_original_temp_guard_n0p3_m0p3.yaml,
guard_sweep_20260708,n0p3_m1,GraphVAE+Motif original temp guard,LOBSTER,evaluated,27,4.41214030708,test_table2_plus_third_party_table3,2.55197076748,6999,0.0819776999447,1.13579003866,0.960814891256,0.104816276019,0.0286466522946,0.0638174653053,0.19,1,0.318196487524,0.3,0.3,1.0,1.0,1.0,0.0,original,1.0,0.5,2.0,1.05,0.995,0.246823113318,1.20021597953,0.937218987317,0.234199059295,0.590406596076,0.493534773588,0.00950883193697,140789635277,366196381838,10197361664,20635808704,4770880000,1.23803900314e+12,13.8064766079,0.035,0.0229128784748,1,0,0.0666853966563,0.0436427467611,0.487102746964,0.00039941850937,0.02,0.0244948974278,1,0,0.0381145122893,0.0466560587994,0.453672618839,1.71215630151e-05,61.05,2500.4,20,20,10,collected_runs/20260708/lobster_graphvae_original_temp_guard_sweep/lobster_graphvae_original_temp_guard_n0p3_m1__cs-cl-19_gpu0,configs/loss_weight_sweeps/lobster_graphvae_motif_original_temp_guard/lobster_graphvae_original_temp_guard_n0p3_m1.yaml,
guard_sweep_20260708,n1_m0p03,GraphVAE+Motif original temp guard,LOBSTER,partial_no_final_eval,,,,0.479105216525,6999,0.0154015659169,0.0136189765083,0.0222800874518,0.0307556111077,0.0621922943157,0.205395394226,1,1,1.00001,1.0,1.0,0.03,0.03,1.0,0.0,original,1.0,0.5,2.0,1.05,0.995,,,,,,,,,,,,,,,,,,,,,,,,,,,,,,,,,,,,collected_runs/20260708/lobster_graphvae_original_temp_guard_sweep/lobster_graphvae_original_temp_guard_n1_m0p03__cs-cl-19_gpu1,configs/loss_weight_sweeps/lobster_graphvae_motif_original_temp_guard/lobster_graphvae_original_temp_guard_n1_m0p03.yaml,missing final test eval; training log contains NaN loss; crashed during plotting with StopIteration
guard_sweep_20260708,n1_m0p1,GraphVAE+Motif original temp guard,LOBSTER,evaluated,15,1.63812639088,test_table2_plus_third_party_table3,0.570425944718,2999,0.0287968474075,0.219417069797,0.0769913476297,0.0442982968695,0.0784715029841,0.0200214743614,0.86,1,0.923298688914,1.0,1.0,0.1,0.1,1.0,0.0,original,1.0,0.5,2.0,1.05,0.995,0.063639281348,0.288075713367,0.144100846079,0.0968730029336,0.458126650366,0.0799462080002,9.05805493568e-06,23282178329.6,60647114803.8,1684559040,3378744368,785586560,205006241792,13.8209334174,0.68,0.04,1,0,0.808833903542,0.029411639275,0.0799409627914,3.07180851143e-07,0.7,0,1,0,0.82353972318,0,0.0693165172872,4.52944863838e-06,61.05,973.95,20,20,10,collected_runs/20260708/lobster_graphvae_original_temp_guard_sweep/lobster_graphvae_original_temp_guard_n1_m0p1__cs-cl-26_gpu0,configs/loss_weight_sweeps/lobster_graphvae_motif_original_temp_guard/lobster_graphvae_original_temp_guard_n1_m0p1.yaml,
guard_sweep_20260708,n1_m0p3,GraphVAE+Motif original temp guard,LOBSTER,evaluated,20,2.28302948386,test_table2_plus_third_party_table3,0.711846145166,7999,0.0310929364288,0.753123606626,0.0450787525938,0.0616671323696,0.0236686862964,0.217409139872,1,1,1.00001,1.0,1.0,0.3,0.3,1.0,0.0,original,1.0,0.5,2.0,1.05,0.995,0.0707254122833,0.896683701278,0.193109882027,0.0930257024031,0.504325451917,0.0776163220406,0.000330793751893,21925909472,57066841529.9,1587855104,3199825224,741039232,192919453696,13.8085077264,0.49,0.0860232526704,0.98,0.0331662479036,0.648563498432,0.083542609752,0.0774957895279,1.06324796259e-05,0.545,0.015,0.975,0.025,0.698881771547,0.0123633124106,0.0639922831351,3.92825537765e-06,61.05,977.25,20,20,10,collected_runs/20260708/lobster_graphvae_original_temp_guard_sweep/lobster_graphvae_original_temp_guard_n1_m0p3__cs-cl-26_gpu1,configs/loss_weight_sweeps/lobster_graphvae_motif_original_temp_guard/lobster_graphvae_original_temp_guard_n1_m0p3.yaml,
guard_sweep_20260708,n1_m1,GraphVAE+Motif original temp guard,LOBSTER,evaluated,26,4.15529228106,test_table2_plus_third_party_table3,2.1475112818,2999,0.0714172913548,1.14720896348,0.895526785755,0.0789342189633,0.0628346712857,0.0377642631531,0.47,0.99,0.604154948836,1.0,1.0,1.0,1.0,1.0,0.0,original,1.0,0.5,2.0,1.05,0.995,0.228693473843,1.12876745013,0.969604705225,0.224241090924,0.647147095647,0.310883063078,0.0402997001896,78654234496,204381544947,5702417152,11603080224,2677086720,691040616448,13.7931393652,0.005,0.015,1,0,0.00954362792233,0.028570884367,0.284913253784,0.00631432830686,0.01,0.02,1,0,0.0190672560446,0.0380945124893,0.263234598815,1.07207495681e-05,61.05,1992.8,20,20,10,collected_runs/20260708/lobster_graphvae_original_temp_guard_sweep/lobster_graphvae_original_temp_guard_n1_m1__cs-cl-36_gpu0,configs/loss_weight_sweeps/lobster_graphvae_motif_original_temp_guard/lobster_graphvae_original_temp_guard_n1_m1.yaml,
