Source,Run,Row Type,Setting,Replicate,Epoch,Split,Model Source,Normalized Score,Score Mode,Degree,Clustering,Orbit,Spectral,Diameter,MMD RBF,MMD RBF Std,MMD Linear,MMD Linear Std,MMD Linear Median,MMD Linear Trimmed Mean,Precision,Precision Std,Recall,Recall Std,F1-PR,F1-PR Std,Avg Edges Test,Avg Edges Generated,Generated Graphs,Reference Graphs,Run Dir,Notes
lobster_docx_20260708,GraphVAE motif original temp,historical_docx_posthoc,06,,,saved validation sample,post-hoc saved generated sample,0.465120983015,docx_table2_plus_docx_table3,0.0296,0.0381,0.0268,0.0331,0.0228,0.1999,,13.1825,,,,1,,1,,1,,45.4,28.7,,,,Source metrics CSV says this was a post-hoc eval on a saved best-validation generated graph sample; the source run crashed before normal finalization.
setting6_exact_no_guard,lobster_setting6_exact_no_guard_rep3__cs-cl-09_gpu1,best_validation_metadata,06,3,8999,validation,best_validation_mmd_model,0.441825136457,normalized_table2_table3,0.0143473233309,0.0989724237874,0.0388039353841,0.0306606716635,0.0154190385838,0.20103699258,0.00486831750716,,,,,1,0,1,0,1.00001,0,45.4,44.1,runs/20260708/lobster_setting6_exact_no_guard/lobster_setting6_exact_no_guard_rep3__cs-cl-09_gpu1/Single_comp_generatedGraphs_adj_8998.npy,collected_runs/20260708/lobster_setting6_exact_no_guard/lobster_setting6_exact_no_guard_rep3__cs-cl-09_gpu1/testGraphs_adj_.npy,collected_runs/20260708/lobster_setting6_exact_no_guard/lobster_setting6_exact_no_guard_rep3__cs-cl-09_gpu1,Same validation sample as the best-validation checkpoint metadata.
setting6_exact_no_guard,lobster_setting6_exact_no_guard_rep1__cs-cl-19_gpu1,best_validation_metadata,06,1,2999,validation,best_validation_mmd_model,0.570425944718,normalized_table2_table3,0.0287968474075,0.219417069797,0.0769913476297,0.0442982968695,0.0784715029841,0.0200214743614,8.35997162662e-06,,,,,0.86,0.0663324958071,1,0,0.923298688914,0.0404689641305,45.4,507.6,runs/20260708/lobster_setting6_exact_no_guard/lobster_setting6_exact_no_guard_rep1__cs-cl-19_gpu1/Single_comp_generatedGraphs_adj_2998.npy,collected_runs/20260708/lobster_setting6_exact_no_guard/lobster_setting6_exact_no_guard_rep1__cs-cl-19_gpu1/testGraphs_adj_.npy,collected_runs/20260708/lobster_setting6_exact_no_guard/lobster_setting6_exact_no_guard_rep1__cs-cl-19_gpu1,Same validation sample as the best-validation checkpoint metadata.
setting6_exact_no_guard,lobster_setting6_exact_no_guard_rep2__cs-cl-26_gpu0,best_validation_metadata,06,2,2999,validation,best_validation_mmd_model,0.570425944718,normalized_table2_table3,0.0287968474075,0.219417069797,0.0769913476297,0.0442982968695,0.0784715029841,0.0200214743614,8.35997162662e-06,,,,,0.86,0.0663324958071,1,0,0.923298688914,0.0404689641305,45.4,507.6,runs/20260708/lobster_setting6_exact_no_guard/lobster_setting6_exact_no_guard_rep2__cs-cl-26_gpu0/Single_comp_generatedGraphs_adj_2998.npy,collected_runs/20260708/lobster_setting6_exact_no_guard/lobster_setting6_exact_no_guard_rep2__cs-cl-26_gpu0/testGraphs_adj_.npy,collected_runs/20260708/lobster_setting6_exact_no_guard/lobster_setting6_exact_no_guard_rep2__cs-cl-26_gpu0,Same validation sample as the best-validation checkpoint metadata.
setting6_exact_no_guard,lobster_setting6_exact_no_guard_rep3__cs-cl-09_gpu1,validation_generated_sample,06,3,8999,validation,validation_epoch_model,0.441825136457,normalized_table2_table3,0.0143473233309,0.0989724237874,0.0388039353841,0.0306606716635,0.0154190385838,0.20103699258,0.00486831750716,,,,,1,0,1,0,1.00001,0,45.4,44.1,collected_runs/20260708/lobster_setting6_exact_no_guard/lobster_setting6_exact_no_guard_rep3__cs-cl-09_gpu1/Single_comp_generatedGraphs_adj_8998.npy,collected_runs/20260708/lobster_setting6_exact_no_guard/lobster_setting6_exact_no_guard_rep3__cs-cl-09_gpu1/testGraphs_adj_.npy,collected_runs/20260708/lobster_setting6_exact_no_guard/lobster_setting6_exact_no_guard_rep3__cs-cl-09_gpu1,
setting6_exact_no_guard,lobster_setting6_exact_no_guard_rep3__cs-cl-09_gpu1,validation_generated_sample,06,3,2999,validation,validation_epoch_model,0.544767942097,normalized_table2_table3,0.0193266246948,0.0730333805589,0.0265239550546,0.0363080644735,0.032809744311,0.144951860514,0.0487103744343,,,,,0.9,0,1,0,0.947378448753,2.22044604925e-16,45.4,54.9,collected_runs/20260708/lobster_setting6_exact_no_guard/lobster_setting6_exact_no_guard_rep3__cs-cl-09_gpu1/Single_comp_generatedGraphs_adj_2998.npy,collected_runs/20260708/lobster_setting6_exact_no_guard/lobster_setting6_exact_no_guard_rep3__cs-cl-09_gpu1/testGraphs_adj_.npy,collected_runs/20260708/lobster_setting6_exact_no_guard/lobster_setting6_exact_no_guard_rep3__cs-cl-09_gpu1,
setting6_exact_no_guard,lobster_setting6_exact_no_guard_rep1__cs-cl-19_gpu1,validation_generated_sample,06,1,2999,validation,validation_epoch_model,0.570425944718,normalized_table2_table3,0.0287968474075,0.219417069797,0.0769913476297,0.0442982968695,0.0784715029841,0.0200214743614,8.35997162662e-06,,,,,0.86,0.0663324958071,1,0,0.923298688914,0.0404689641305,45.4,507.6,collected_runs/20260708/lobster_setting6_exact_no_guard/lobster_setting6_exact_no_guard_rep1__cs-cl-19_gpu1/Single_comp_generatedGraphs_adj_2998.npy,collected_runs/20260708/lobster_setting6_exact_no_guard/lobster_setting6_exact_no_guard_rep1__cs-cl-19_gpu1/testGraphs_adj_.npy,collected_runs/20260708/lobster_setting6_exact_no_guard/lobster_setting6_exact_no_guard_rep1__cs-cl-19_gpu1,
setting6_exact_no_guard,lobster_setting6_exact_no_guard_rep2__cs-cl-26_gpu0,validation_generated_sample,06,2,2999,validation,validation_epoch_model,0.570425944718,normalized_table2_table3,0.0287968474075,0.219417069797,0.0769913476297,0.0442982968695,0.0784715029841,0.0200214743614,8.35997162662e-06,,,,,0.86,0.0663324958071,1,0,0.923298688914,0.0404689641305,45.4,507.6,collected_runs/20260708/lobster_setting6_exact_no_guard/lobster_setting6_exact_no_guard_rep2__cs-cl-26_gpu0/Single_comp_generatedGraphs_adj_2998.npy,collected_runs/20260708/lobster_setting6_exact_no_guard/lobster_setting6_exact_no_guard_rep2__cs-cl-26_gpu0/testGraphs_adj_.npy,collected_runs/20260708/lobster_setting6_exact_no_guard/lobster_setting6_exact_no_guard_rep2__cs-cl-26_gpu0,
setting6_exact_no_guard,lobster_setting6_exact_no_guard_rep3__cs-cl-09_gpu1,validation_generated_sample,06,3,6999,validation,validation_epoch_model,0.602160110613,normalized_table2_table3,0.00993632418897,0.34414568412,0.0216870129867,0.0473580547748,0.075651773441,0.213633323008,0.0207318958917,,,,,1,0,1,0,1.00001,0,45.4,32.9,collected_runs/20260708/lobster_setting6_exact_no_guard/lobster_setting6_exact_no_guard_rep3__cs-cl-09_gpu1/Single_comp_generatedGraphs_adj_6998.npy,collected_runs/20260708/lobster_setting6_exact_no_guard/lobster_setting6_exact_no_guard_rep3__cs-cl-09_gpu1/testGraphs_adj_.npy,collected_runs/20260708/lobster_setting6_exact_no_guard/lobster_setting6_exact_no_guard_rep3__cs-cl-09_gpu1,
setting6_exact_no_guard,lobster_setting6_exact_no_guard_rep1__cs-cl-19_gpu1,validation_generated_sample,06,1,4999,validation,validation_epoch_model,0.610386750169,normalized_table2_table3,0.0165431179567,0.133055042122,0.0537026640825,0.0481571296222,0.21040645785,0.0200624227524,3.0249708977e-05,,,,,0.9,0,1,0,0.947378448753,2.22044604925e-16,45.4,495.3,collected_runs/20260708/lobster_setting6_exact_no_guard/lobster_setting6_exact_no_guard_rep1__cs-cl-19_gpu1/Single_comp_generatedGraphs_adj_4998.npy,collected_runs/20260708/lobster_setting6_exact_no_guard/lobster_setting6_exact_no_guard_rep1__cs-cl-19_gpu1/testGraphs_adj_.npy,collected_runs/20260708/lobster_setting6_exact_no_guard/lobster_setting6_exact_no_guard_rep1__cs-cl-19_gpu1,
setting6_exact_no_guard,lobster_setting6_exact_no_guard_rep2__cs-cl-26_gpu0,validation_generated_sample,06,2,4999,validation,validation_epoch_model,0.610386750169,normalized_table2_table3,0.0165431179567,0.133055042122,0.0537026640825,0.0481571296222,0.21040645785,0.0200624227524,3.0249708977e-05,,,,,0.9,0,1,0,0.947378448753,2.22044604925e-16,45.4,495.3,collected_runs/20260708/lobster_setting6_exact_no_guard/lobster_setting6_exact_no_guard_rep2__cs-cl-26_gpu0/Single_comp_generatedGraphs_adj_4998.npy,collected_runs/20260708/lobster_setting6_exact_no_guard/lobster_setting6_exact_no_guard_rep2__cs-cl-26_gpu0/testGraphs_adj_.npy,collected_runs/20260708/lobster_setting6_exact_no_guard/lobster_setting6_exact_no_guard_rep2__cs-cl-26_gpu0,
setting6_exact_no_guard,lobster_setting6_exact_no_guard_rep1__cs-cl-19_gpu1,validation_generated_sample,06,1,6999,validation,validation_epoch_model,0.726243412579,normalized_table2_table3,0.0254476281511,0.121867577896,0.061047527431,0.0446273179933,0.0687737047072,0.205804370545,0.0102995044698,,,,,1,0,0.9,0,0.947378448753,2.22044604925e-16,45.4,23.4,collected_runs/20260708/lobster_setting6_exact_no_guard/lobster_setting6_exact_no_guard_rep1__cs-cl-19_gpu1/Single_comp_generatedGraphs_adj_6998.npy,collected_runs/20260708/lobster_setting6_exact_no_guard/lobster_setting6_exact_no_guard_rep1__cs-cl-19_gpu1/testGraphs_adj_.npy,collected_runs/20260708/lobster_setting6_exact_no_guard/lobster_setting6_exact_no_guard_rep1__cs-cl-19_gpu1,
setting6_exact_no_guard,lobster_setting6_exact_no_guard_rep2__cs-cl-26_gpu0,validation_generated_sample,06,2,6999,validation,validation_epoch_model,0.726243412579,normalized_table2_table3,0.0254476281511,0.121867577896,0.061047527431,0.0446273179933,0.0687737047072,0.205804370545,0.0102995044698,,,,,1,0,0.9,0,0.947378448753,2.22044604925e-16,45.4,23.4,collected_runs/20260708/lobster_setting6_exact_no_guard/lobster_setting6_exact_no_guard_rep2__cs-cl-26_gpu0/Single_comp_generatedGraphs_adj_6998.npy,collected_runs/20260708/lobster_setting6_exact_no_guard/lobster_setting6_exact_no_guard_rep2__cs-cl-26_gpu0/testGraphs_adj_.npy,collected_runs/20260708/lobster_setting6_exact_no_guard/lobster_setting6_exact_no_guard_rep2__cs-cl-26_gpu0,
setting6_exact_no_guard,lobster_setting6_exact_no_guard_rep3__cs-cl-09_gpu1,validation_generated_sample,06,3,10000,validation,validation_epoch_model,0.751128686722,normalized_table2_table3,0.0375476083781,0.0637917164107,0.0455040683155,0.0598125394993,0.175720719232,0.21554484684,0.0109687559478,,,,,1,0,1,0,1.00001,0,45.4,21.5,collected_runs/20260708/lobster_setting6_exact_no_guard/lobster_setting6_exact_no_guard_rep3__cs-cl-09_gpu1/Single_comp_generatedGraphs_adj_9999.npy,collected_runs/20260708/lobster_setting6_exact_no_guard/lobster_setting6_exact_no_guard_rep3__cs-cl-09_gpu1/testGraphs_adj_.npy,collected_runs/20260708/lobster_setting6_exact_no_guard/lobster_setting6_exact_no_guard_rep3__cs-cl-09_gpu1,
setting6_exact_no_guard,lobster_setting6_exact_no_guard_rep3__cs-cl-09_gpu1,validation_generated_sample,06,3,999,validation,validation_epoch_model,0.795377972251,normalized_table2_table3,0.0539535109633,0.561356891809,0.0645993868162,0.091928588252,0.108357012362,0.0200374364853,3.01353821939e-05,,,,,0.88,0.04,1,0,0.935682561471,0.0233917745635,45.4,499.6,collected_runs/20260708/lobster_setting6_exact_no_guard/lobster_setting6_exact_no_guard_rep3__cs-cl-09_gpu1/Single_comp_generatedGraphs_adj_998.npy,collected_runs/20260708/lobster_setting6_exact_no_guard/lobster_setting6_exact_no_guard_rep3__cs-cl-09_gpu1/testGraphs_adj_.npy,collected_runs/20260708/lobster_setting6_exact_no_guard/lobster_setting6_exact_no_guard_rep3__cs-cl-09_gpu1,
setting6_exact_no_guard,lobster_setting6_exact_no_guard_rep1__cs-cl-19_gpu1,validation_generated_sample,06,1,5999,validation,validation_epoch_model,0.852389831179,normalized_table2_table3,0.0333248435146,0.19075565497,0.0451115294767,0.0682188761585,0.0828910519361,0.191184855811,0.0123047522344,,,,,0.87,0.0458257569496,1,0,0.929834617831,0.0267986443942,45.4,53.3,collected_runs/20260708/lobster_setting6_exact_no_guard/lobster_setting6_exact_no_guard_rep1__cs-cl-19_gpu1/Single_comp_generatedGraphs_adj_5998.npy,collected_runs/20260708/lobster_setting6_exact_no_guard/lobster_setting6_exact_no_guard_rep1__cs-cl-19_gpu1/testGraphs_adj_.npy,collected_runs/20260708/lobster_setting6_exact_no_guard/lobster_setting6_exact_no_guard_rep1__cs-cl-19_gpu1,
setting6_exact_no_guard,lobster_setting6_exact_no_guard_rep2__cs-cl-26_gpu0,validation_generated_sample,06,2,5999,validation,validation_epoch_model,0.852389831179,normalized_table2_table3,0.0333248435146,0.19075565497,0.0451115294767,0.0682188761585,0.0828910519361,0.191184855811,0.0123047522344,,,,,0.87,0.0458257569496,1,0,0.929834617831,0.0267986443942,45.4,53.3,collected_runs/20260708/lobster_setting6_exact_no_guard/lobster_setting6_exact_no_guard_rep2__cs-cl-26_gpu0/Single_comp_generatedGraphs_adj_5998.npy,collected_runs/20260708/lobster_setting6_exact_no_guard/lobster_setting6_exact_no_guard_rep2__cs-cl-26_gpu0/testGraphs_adj_.npy,collected_runs/20260708/lobster_setting6_exact_no_guard/lobster_setting6_exact_no_guard_rep2__cs-cl-26_gpu0,
setting6_exact_no_guard,lobster_setting6_exact_no_guard_rep1__cs-cl-19_gpu1,validation_generated_sample,06,1,3999,validation,validation_epoch_model,0.893646694509,normalized_table2_table3,0.0379871437297,0.265863463105,0.0783090149737,0.0659863981564,0.154516419763,0.061813056469,0.00913375176138,,,,,0.8,0,1,0,0.888899012344,1.11022302463e-16,45.4,206.7,collected_runs/20260708/lobster_setting6_exact_no_guard/lobster_setting6_exact_no_guard_rep1__cs-cl-19_gpu1/Single_comp_generatedGraphs_adj_3998.npy,collected_runs/20260708/lobster_setting6_exact_no_guard/lobster_setting6_exact_no_guard_rep1__cs-cl-19_gpu1/testGraphs_adj_.npy,collected_runs/20260708/lobster_setting6_exact_no_guard/lobster_setting6_exact_no_guard_rep1__cs-cl-19_gpu1,
setting6_exact_no_guard,lobster_setting6_exact_no_guard_rep2__cs-cl-26_gpu0,validation_generated_sample,06,2,3999,validation,validation_epoch_model,0.893646694509,normalized_table2_table3,0.0379871437297,0.265863463105,0.0783090149737,0.0659863981564,0.154516419763,0.061813056469,0.00913375176138,,,,,0.8,0,1,0,0.888899012344,1.11022302463e-16,45.4,206.7,collected_runs/20260708/lobster_setting6_exact_no_guard/lobster_setting6_exact_no_guard_rep2__cs-cl-26_gpu0/Single_comp_generatedGraphs_adj_3998.npy,collected_runs/20260708/lobster_setting6_exact_no_guard/lobster_setting6_exact_no_guard_rep2__cs-cl-26_gpu0/testGraphs_adj_.npy,collected_runs/20260708/lobster_setting6_exact_no_guard/lobster_setting6_exact_no_guard_rep2__cs-cl-26_gpu0,
setting6_exact_no_guard,lobster_setting6_exact_no_guard_rep1__cs-cl-19_gpu1,validation_generated_sample,06,1,7999,validation,validation_epoch_model,0.910601669481,normalized_table2_table3,0.0104325979238,0.150165448317,0.0442782742041,0.0260000294601,0.230136439279,0.262246501446,0.010430267207,,,,,0.9,0,1,0,0.947378448753,2.22044604925e-16,45.4,28.3,collected_runs/20260708/lobster_setting6_exact_no_guard/lobster_setting6_exact_no_guard_rep1__cs-cl-19_gpu1/Single_comp_generatedGraphs_adj_7998.npy,collected_runs/20260708/lobster_setting6_exact_no_guard/lobster_setting6_exact_no_guard_rep1__cs-cl-19_gpu1/testGraphs_adj_.npy,collected_runs/20260708/lobster_setting6_exact_no_guard/lobster_setting6_exact_no_guard_rep1__cs-cl-19_gpu1,
setting6_exact_no_guard,lobster_setting6_exact_no_guard_rep2__cs-cl-26_gpu0,validation_generated_sample,06,2,7999,validation,validation_epoch_model,0.910601669481,normalized_table2_table3,0.0104325979238,0.150165448317,0.0442782742041,0.0260000294601,0.230136439279,0.262246501446,0.010430267207,,,,,0.9,0,1,0,0.947378448753,2.22044604925e-16,45.4,28.3,collected_runs/20260708/lobster_setting6_exact_no_guard/lobster_setting6_exact_no_guard_rep2__cs-cl-26_gpu0/Single_comp_generatedGraphs_adj_7998.npy,collected_runs/20260708/lobster_setting6_exact_no_guard/lobster_setting6_exact_no_guard_rep2__cs-cl-26_gpu0/testGraphs_adj_.npy,collected_runs/20260708/lobster_setting6_exact_no_guard/lobster_setting6_exact_no_guard_rep2__cs-cl-26_gpu0,
setting6_exact_no_guard,lobster_setting6_exact_no_guard_rep3__cs-cl-09_gpu1,validation_generated_sample,06,3,9999,validation,validation_epoch_model,0.929828794593,normalized_table2_table3,0.0360180797852,0.375716830234,0.0527362441021,0.0533935228066,0.184703159092,0.185930422628,0.0181244853398,,,,,0.89,0.03,1,0,0.941530505112,0.0175438309227,45.4,53.8,collected_runs/20260708/lobster_setting6_exact_no_guard/lobster_setting6_exact_no_guard_rep3__cs-cl-09_gpu1/Single_comp_generatedGraphs_adj_9998.npy,collected_runs/20260708/lobster_setting6_exact_no_guard/lobster_setting6_exact_no_guard_rep3__cs-cl-09_gpu1/testGraphs_adj_.npy,collected_runs/20260708/lobster_setting6_exact_no_guard/lobster_setting6_exact_no_guard_rep3__cs-cl-09_gpu1,
setting6_exact_no_guard,lobster_setting6_exact_no_guard_rep1__cs-cl-19_gpu1,validation_generated_sample,06,1,999,validation,validation_epoch_model,0.948802467766,normalized_table2_table3,0.0552367996566,0.408108946367,0.0848975640541,0.059229924799,0.202261583363,0.0200882554054,4.65469535448e-05,,,,,0.79,0.03,1,0,0.882363083428,0.0196077867494,45.4,484.5,collected_runs/20260708/lobster_setting6_exact_no_guard/lobster_setting6_exact_no_guard_rep1__cs-cl-19_gpu1/Single_comp_generatedGraphs_adj_998.npy,collected_runs/20260708/lobster_setting6_exact_no_guard/lobster_setting6_exact_no_guard_rep1__cs-cl-19_gpu1/testGraphs_adj_.npy,collected_runs/20260708/lobster_setting6_exact_no_guard/lobster_setting6_exact_no_guard_rep1__cs-cl-19_gpu1,
setting6_exact_no_guard,lobster_setting6_exact_no_guard_rep2__cs-cl-26_gpu0,validation_generated_sample,06,2,999,validation,validation_epoch_model,0.948802467766,normalized_table2_table3,0.0552367996566,0.408108946367,0.0848975640541,0.059229924799,0.202261583363,0.0200882554054,4.65469535448e-05,,,,,0.79,0.03,1,0,0.882363083428,0.0196077867494,45.4,484.5,collected_runs/20260708/lobster_setting6_exact_no_guard/lobster_setting6_exact_no_guard_rep2__cs-cl-26_gpu0/Single_comp_generatedGraphs_adj_998.npy,collected_runs/20260708/lobster_setting6_exact_no_guard/lobster_setting6_exact_no_guard_rep2__cs-cl-26_gpu0/testGraphs_adj_.npy,collected_runs/20260708/lobster_setting6_exact_no_guard/lobster_setting6_exact_no_guard_rep2__cs-cl-26_gpu0,
setting6_exact_no_guard,lobster_setting6_exact_no_guard_rep1__cs-cl-19_gpu1,validation_generated_sample,06,1,8999,validation,validation_epoch_model,1.04615848362,normalized_table2_table3,0.0567582087038,0.376682236082,0.127535675508,0.0934349463723,0.0469318636356,0.0208334445953,0.000661172296145,,,,,0.7,0,1,0,0.82353972318,0,45.4,449.6,collected_runs/20260708/lobster_setting6_exact_no_guard/lobster_setting6_exact_no_guard_rep1__cs-cl-19_gpu1/Single_comp_generatedGraphs_adj_8998.npy,collected_runs/20260708/lobster_setting6_exact_no_guard/lobster_setting6_exact_no_guard_rep1__cs-cl-19_gpu1/testGraphs_adj_.npy,collected_runs/20260708/lobster_setting6_exact_no_guard/lobster_setting6_exact_no_guard_rep1__cs-cl-19_gpu1,
setting6_exact_no_guard,lobster_setting6_exact_no_guard_rep2__cs-cl-26_gpu0,validation_generated_sample,06,2,8999,validation,validation_epoch_model,1.04615848362,normalized_table2_table3,0.0567582087038,0.376682236082,0.127535675508,0.0934349463723,0.0469318636356,0.0208334445953,0.000661172296145,,,,,0.7,0,1,0,0.82353972318,0,45.4,449.6,collected_runs/20260708/lobster_setting6_exact_no_guard/lobster_setting6_exact_no_guard_rep2__cs-cl-26_gpu0/Single_comp_generatedGraphs_adj_8998.npy,collected_runs/20260708/lobster_setting6_exact_no_guard/lobster_setting6_exact_no_guard_rep2__cs-cl-26_gpu0/testGraphs_adj_.npy,collected_runs/20260708/lobster_setting6_exact_no_guard/lobster_setting6_exact_no_guard_rep2__cs-cl-26_gpu0,
setting6_exact_no_guard,lobster_setting6_exact_no_guard_rep3__cs-cl-09_gpu1,validation_generated_sample,06,3,5999,validation,validation_epoch_model,1.04658152138,normalized_table2_table3,0.0318648213748,0.376659454358,0.076164064645,0.0620392027978,0.0301914102264,0.26543430537,0.0487320799886,,,,,0.8,0,1,0,0.888899012344,1.11022302463e-16,45.4,74.8,collected_runs/20260708/lobster_setting6_exact_no_guard/lobster_setting6_exact_no_guard_rep3__cs-cl-09_gpu1/Single_comp_generatedGraphs_adj_5998.npy,collected_runs/20260708/lobster_setting6_exact_no_guard/lobster_setting6_exact_no_guard_rep3__cs-cl-09_gpu1/testGraphs_adj_.npy,collected_runs/20260708/lobster_setting6_exact_no_guard/lobster_setting6_exact_no_guard_rep3__cs-cl-09_gpu1,
setting6_exact_no_guard,lobster_setting6_exact_no_guard_rep1__cs-cl-19_gpu1,validation_generated_sample,06,1,9999,validation,validation_epoch_model,1.07106925728,normalized_table2_table3,0.0730298747174,0.201460834167,0.101352378949,0.090262364459,0.0620884320927,0.173566264665,0.0223616664108,,,,,0.8,0,1,0,0.888899012344,1.11022302463e-16,45.4,61.7,collected_runs/20260708/lobster_setting6_exact_no_guard/lobster_setting6_exact_no_guard_rep1__cs-cl-19_gpu1/Single_comp_generatedGraphs_adj_9998.npy,collected_runs/20260708/lobster_setting6_exact_no_guard/lobster_setting6_exact_no_guard_rep1__cs-cl-19_gpu1/testGraphs_adj_.npy,collected_runs/20260708/lobster_setting6_exact_no_guard/lobster_setting6_exact_no_guard_rep1__cs-cl-19_gpu1,
setting6_exact_no_guard,lobster_setting6_exact_no_guard_rep2__cs-cl-26_gpu0,validation_generated_sample,06,2,9999,validation,validation_epoch_model,1.07106925728,normalized_table2_table3,0.0730298747174,0.201460834167,0.101352378949,0.090262364459,0.0620884320927,0.173566264665,0.0223616664108,,,,,0.8,0,1,0,0.888899012344,1.11022302463e-16,45.4,61.7,collected_runs/20260708/lobster_setting6_exact_no_guard/lobster_setting6_exact_no_guard_rep2__cs-cl-26_gpu0/Single_comp_generatedGraphs_adj_9998.npy,collected_runs/20260708/lobster_setting6_exact_no_guard/lobster_setting6_exact_no_guard_rep2__cs-cl-26_gpu0/testGraphs_adj_.npy,collected_runs/20260708/lobster_setting6_exact_no_guard/lobster_setting6_exact_no_guard_rep2__cs-cl-26_gpu0,
setting6_exact_no_guard,lobster_setting6_exact_no_guard_rep3__cs-cl-09_gpu1,validation_generated_sample,06,3,3999,validation,validation_epoch_model,1.1267568719,normalized_table2_table3,0.0281978676108,0.223302833706,0.0614173702999,0.0547944906447,0.425008208451,0.0315338492393,0.00971568939237,,,,,0.8,0,0.97,0.0640312423743,0.875827095689,0.0281820302081,45.4,514.4,collected_runs/20260708/lobster_setting6_exact_no_guard/lobster_setting6_exact_no_guard_rep3__cs-cl-09_gpu1/Single_comp_generatedGraphs_adj_3998.npy,collected_runs/20260708/lobster_setting6_exact_no_guard/lobster_setting6_exact_no_guard_rep3__cs-cl-09_gpu1/testGraphs_adj_.npy,collected_runs/20260708/lobster_setting6_exact_no_guard/lobster_setting6_exact_no_guard_rep3__cs-cl-09_gpu1,
setting6_exact_no_guard,lobster_setting6_exact_no_guard_rep1__cs-cl-19_gpu1,validation_generated_sample,06,1,1999,validation,validation_epoch_model,1.15277565798,normalized_table2_table3,0.0566255260798,0.229147411276,0.155108557734,0.0881130116975,0.119827816914,0.0611762881279,0.000988064738343,,,,,0.7,0,1,0,0.82353972318,0,45.4,719.4,collected_runs/20260708/lobster_setting6_exact_no_guard/lobster_setting6_exact_no_guard_rep1__cs-cl-19_gpu1/Single_comp_generatedGraphs_adj_1998.npy,collected_runs/20260708/lobster_setting6_exact_no_guard/lobster_setting6_exact_no_guard_rep1__cs-cl-19_gpu1/testGraphs_adj_.npy,collected_runs/20260708/lobster_setting6_exact_no_guard/lobster_setting6_exact_no_guard_rep1__cs-cl-19_gpu1,
setting6_exact_no_guard,lobster_setting6_exact_no_guard_rep2__cs-cl-26_gpu0,validation_generated_sample,06,2,1999,validation,validation_epoch_model,1.15277565798,normalized_table2_table3,0.0566255260798,0.229147411276,0.155108557734,0.0881130116975,0.119827816914,0.0611762881279,0.000988064738343,,,,,0.7,0,1,0,0.82353972318,0,45.4,719.4,collected_runs/20260708/lobster_setting6_exact_no_guard/lobster_setting6_exact_no_guard_rep2__cs-cl-26_gpu0/Single_comp_generatedGraphs_adj_1998.npy,collected_runs/20260708/lobster_setting6_exact_no_guard/lobster_setting6_exact_no_guard_rep2__cs-cl-26_gpu0/testGraphs_adj_.npy,collected_runs/20260708/lobster_setting6_exact_no_guard/lobster_setting6_exact_no_guard_rep2__cs-cl-26_gpu0,
setting6_exact_no_guard,lobster_setting6_exact_no_guard_rep1__cs-cl-19_gpu1,validation_generated_sample,06,1,10000,validation,validation_epoch_model,1.36312020543,normalized_table2_table3,0.0792887408494,0.485270827714,0.168300430615,0.0847337266174,0.170959878872,0.0792194247246,0.00945868778634,,,,,0.68,0.04,1,0,0.808833903542,0.029411639275,45.4,958.7,collected_runs/20260708/lobster_setting6_exact_no_guard/lobster_setting6_exact_no_guard_rep1__cs-cl-19_gpu1/Single_comp_generatedGraphs_adj_9999.npy,collected_runs/20260708/lobster_setting6_exact_no_guard/lobster_setting6_exact_no_guard_rep1__cs-cl-19_gpu1/testGraphs_adj_.npy,collected_runs/20260708/lobster_setting6_exact_no_guard/lobster_setting6_exact_no_guard_rep1__cs-cl-19_gpu1,
setting6_exact_no_guard,lobster_setting6_exact_no_guard_rep2__cs-cl-26_gpu0,validation_generated_sample,06,2,10000,validation,validation_epoch_model,1.36312020543,normalized_table2_table3,0.0792887408494,0.485270827714,0.168300430615,0.0847337266174,0.170959878872,0.0792194247246,0.00945868778634,,,,,0.68,0.04,1,0,0.808833903542,0.029411639275,45.4,958.7,collected_runs/20260708/lobster_setting6_exact_no_guard/lobster_setting6_exact_no_guard_rep2__cs-cl-26_gpu0/Single_comp_generatedGraphs_adj_9999.npy,collected_runs/20260708/lobster_setting6_exact_no_guard/lobster_setting6_exact_no_guard_rep2__cs-cl-26_gpu0/testGraphs_adj_.npy,collected_runs/20260708/lobster_setting6_exact_no_guard/lobster_setting6_exact_no_guard_rep2__cs-cl-26_gpu0,
setting6_exact_no_guard,lobster_setting6_exact_no_guard_rep3__cs-cl-09_gpu1,validation_generated_sample,06,3,7999,validation,validation_epoch_model,1.53177567849,normalized_table2_table3,0.0294033259334,0.300471076662,0.0714841822235,0.0517290235467,0.106209247345,0.301382493973,0.0095192609858,,,,,1,0,0.6,1.11022302463e-16,0.750010624992,0,45.4,18.7,collected_runs/20260708/lobster_setting6_exact_no_guard/lobster_setting6_exact_no_guard_rep3__cs-cl-09_gpu1/Single_comp_generatedGraphs_adj_7998.npy,collected_runs/20260708/lobster_setting6_exact_no_guard/lobster_setting6_exact_no_guard_rep3__cs-cl-09_gpu1/testGraphs_adj_.npy,collected_runs/20260708/lobster_setting6_exact_no_guard/lobster_setting6_exact_no_guard_rep3__cs-cl-09_gpu1,
setting6_exact_no_guard,lobster_setting6_exact_no_guard_rep3__cs-cl-09_gpu1,validation_generated_sample,06,3,4999,validation,validation_epoch_model,1.63395032952,normalized_table2_table3,0.0756045273766,0.396244416079,0.133824998732,0.0868142398301,0.352449261365,0.179670381546,1.04224648449e-06,,,,,0.7,0,1,0,0.82353972318,0,45.4,1442.9,collected_runs/20260708/lobster_setting6_exact_no_guard/lobster_setting6_exact_no_guard_rep3__cs-cl-09_gpu1/Single_comp_generatedGraphs_adj_4998.npy,collected_runs/20260708/lobster_setting6_exact_no_guard/lobster_setting6_exact_no_guard_rep3__cs-cl-09_gpu1/testGraphs_adj_.npy,collected_runs/20260708/lobster_setting6_exact_no_guard/lobster_setting6_exact_no_guard_rep3__cs-cl-09_gpu1,
setting6_exact_no_guard,lobster_setting6_exact_no_guard_rep3__cs-cl-09_gpu1,validation_generated_sample,06,3,1999,validation,validation_epoch_model,1.8079398992,normalized_table2_table3,0.0932082199564,0.451647670945,0.206279407431,0.103050518887,0.231085513568,0.170784950256,0.000307209504599,,,,,0.6,1.11022302463e-16,1,0,0.750010624992,0,45.4,1428.3,collected_runs/20260708/lobster_setting6_exact_no_guard/lobster_setting6_exact_no_guard_rep3__cs-cl-09_gpu1/Single_comp_generatedGraphs_adj_1998.npy,collected_runs/20260708/lobster_setting6_exact_no_guard/lobster_setting6_exact_no_guard_rep3__cs-cl-09_gpu1/testGraphs_adj_.npy,collected_runs/20260708/lobster_setting6_exact_no_guard/lobster_setting6_exact_no_guard_rep3__cs-cl-09_gpu1,
setting6_exact_no_guard,lobster_setting6_exact_no_guard_rep3__cs-cl-09_gpu1,final_test_eval,06,3,,test,best_validation_mmd_model,1.41979534416,normalized_table2_table3,0.0360608534468,0.371097191305,0.0971443463558,0.0781244760637,0.472057985079,0.0305013656616,0.000206176806912,2821545901.6,7240143783.38,220568888,449933278,0.715,0.0390512483795,0.995,0.015,0.831469406375,0.0280491710395,61.05,527.25,runs/20260708/lobster_setting6_exact_no_guard/lobster_setting6_exact_no_guard_rep3__cs-cl-09_gpu1/Single_comp_generatedGraphs_adj_final_eval.npy,runs/20260708/lobster_setting6_exact_no_guard/lobster_setting6_exact_no_guard_rep3__cs-cl-09_gpu1/testGraphs_adj_.npy,collected_runs/20260708/lobster_setting6_exact_no_guard/lobster_setting6_exact_no_guard_rep3__cs-cl-09_gpu1,
setting6_exact_no_guard,lobster_setting6_exact_no_guard_rep1__cs-cl-19_gpu1,final_test_eval,06,1,,test,best_validation_mmd_model,1.63812639088,normalized_table2_table3,0.063639281348,0.288075713367,0.144100846079,0.0968730029336,0.458126650366,0.0799462080002,9.05805493568e-06,23282178329.6,60647114803.8,1684559040,3378744368,0.68,0.04,1,0,0.808833903542,0.029411639275,61.05,973.95,runs/20260708/lobster_setting6_exact_no_guard/lobster_setting6_exact_no_guard_rep1__cs-cl-19_gpu1/Single_comp_generatedGraphs_adj_final_eval.npy,runs/20260708/lobster_setting6_exact_no_guard/lobster_setting6_exact_no_guard_rep1__cs-cl-19_gpu1/testGraphs_adj_.npy,collected_runs/20260708/lobster_setting6_exact_no_guard/lobster_setting6_exact_no_guard_rep1__cs-cl-19_gpu1,
setting6_exact_no_guard,lobster_setting6_exact_no_guard_rep2__cs-cl-26_gpu0,final_test_eval,06,2,,test,best_validation_mmd_model,1.63812639088,normalized_table2_table3,0.063639281348,0.288075713367,0.144100846079,0.0968730029336,0.458126650366,0.0799462080002,9.05805493568e-06,23282178329.6,60647114803.8,1684559040,3378744368,0.68,0.04,1,0,0.808833903542,0.029411639275,61.05,973.95,runs/20260708/lobster_setting6_exact_no_guard/lobster_setting6_exact_no_guard_rep2__cs-cl-26_gpu0/Single_comp_generatedGraphs_adj_final_eval.npy,runs/20260708/lobster_setting6_exact_no_guard/lobster_setting6_exact_no_guard_rep2__cs-cl-26_gpu0/testGraphs_adj_.npy,collected_runs/20260708/lobster_setting6_exact_no_guard/lobster_setting6_exact_no_guard_rep2__cs-cl-26_gpu0,
